"No.","Time","Source","Destination","Protocol","Length","Signal strength (dBm)","Info"
"3","0.036213033","0a:c5:e1:a7:65:73","Broadcast","802.11","350","-38dBm","Beacon frame, SN=2029, FN=0, Flags=........C, BI=100, SSID=z5206677"
"13","0.138593206","0a:c5:e1:a7:65:73","Broadcast","802.11","350","-39dBm","Beacon frame, SN=2030, FN=0, Flags=........C, BI=100, SSID=z5206677"
"17","0.241240600","0a:c5:e1:a7:65:73","Broadcast","802.11","350","-38dBm","Beacon frame, SN=2031, FN=0, Flags=........C, BI=100, SSID=z5206677"
"21","0.343646537","0a:c5:e1:a7:65:73","Broadcast","802.11","350","-43dBm","Beacon frame, SN=2032, FN=0, Flags=........C, BI=100, SSID=z5206677"
"27","0.445994966","0a:c5:e1:a7:65:73","Broadcast","802.11","350","-40dBm","Beacon frame, SN=2033, FN=0, Flags=........C, BI=100, SSID=z5206677"
"31","0.548430765","0a:c5:e1:a7:65:73","Broadcast","802.11","350","-39dBm","Beacon frame, SN=2034, FN=0, Flags=........C, BI=100, SSID=z5206677"
"35","0.650716382","0a:c5:e1:a7:65:73","Broadcast","802.11","350","-46dBm","Beacon frame, SN=2035, FN=0, Flags=........C, BI=100, SSID=z5206677"
"51","0.753104997","0a:c5:e1:a7:65:73","Broadcast","802.11","350","-41dBm","Beacon frame, SN=2038, FN=0, Flags=........C, BI=100, SSID=z5206677"
"61","0.855639984","0a:c5:e1:a7:65:73","Broadcast","802.11","350","-40dBm","Beacon frame, SN=2039, FN=0, Flags=........C, BI=100, SSID=z5206677"
"79","0.958447246","0a:c5:e1:a7:65:73","Broadcast","802.11","350","-39dBm","Beacon frame, SN=2041, FN=0, Flags=........C, BI=100, SSID=z5206677"
"147","1.060420814","0a:c5:e1:a7:65:73","Broadcast","802.11","350","-40dBm","Beacon frame, SN=2043, FN=0, Flags=........C, BI=100, SSID=z5206677"
"194","1.162865697","0a:c5:e1:a7:65:73","Broadcast","802.11","350","-41dBm","Beacon frame, SN=2047, FN=0, Flags=........C, BI=100, SSID=z5206677"
"228","1.265042201","0a:c5:e1:a7:65:73","Broadcast","802.11","350","-43dBm","Beacon frame, SN=2051, FN=0, Flags=........C, BI=100, SSID=z5206677"
"232","1.367543464","0a:c5:e1:a7:65:73","Broadcast","802.11","350","-43dBm","Beacon frame, SN=2052, FN=0, Flags=........C, BI=100, SSID=z5206677"
"239","1.469885658","0a:c5:e1:a7:65:73","Broadcast","802.11","350","-42dBm","Beacon frame, SN=2053, FN=0, Flags=........C, BI=100, SSID=z5206677"
"243","1.572440491","0a:c5:e1:a7:65:73","Broadcast","802.11","350","-39dBm","Beacon frame, SN=2054, FN=0, Flags=........C, BI=100, SSID=z5206677"
"252","1.674811786","0a:c5:e1:a7:65:73","Broadcast","802.11","350","-41dBm","Beacon frame, SN=2055, FN=0, Flags=........C, BI=100, SSID=z5206677"
"256","1.777040619","0a:c5:e1:a7:65:73","Broadcast","802.11","350","-53dBm","Beacon frame, SN=2056, FN=0, Flags=........C, BI=100, SSID=z5206677"
"260","1.879552228","0a:c5:e1:a7:65:73","Broadcast","802.11","350","-38dBm","Beacon frame, SN=2057, FN=0, Flags=........C, BI=100, SSID=z5206677"
"266","1.982017693","0a:c5:e1:a7:65:73","Broadcast","802.11","350","-40dBm","Beacon frame, SN=2058, FN=0, Flags=........C, BI=100, SSID=z5206677"
"270","2.084231864","0a:c5:e1:a7:65:73","Broadcast","802.11","350","-40dBm","Beacon frame, SN=2059, FN=0, Flags=........C, BI=100, SSID=z5206677"
"279","2.186856115","0a:c5:e1:a7:65:73","Broadcast","802.11","350","-45dBm","Beacon frame, SN=2060, FN=0, Flags=........C, BI=100, SSID=z5206677"
"283","2.289073147","0a:c5:e1:a7:65:73","Broadcast","802.11","350","-42dBm","Beacon frame, SN=2061, FN=0, Flags=........C, BI=100, SSID=z5206677"
"287","2.391601044","0a:c5:e1:a7:65:73","Broadcast","802.11","350","-46dBm","Beacon frame, SN=2062, FN=0, Flags=........C, BI=100, SSID=z5206677"
"292","2.493869347","0a:c5:e1:a7:65:73","Broadcast","802.11","350","-48dBm","Beacon frame, SN=2063, FN=0, Flags=........C, BI=100, SSID=z5206677"
"296","2.596427091","0a:c5:e1:a7:65:73","Broadcast","802.11","350","-55dBm","Beacon frame, SN=2064, FN=0, Flags=........C, BI=100, SSID=z5206677"
"300","2.698755635","0a:c5:e1:a7:65:73","Broadcast","802.11","350","-51dBm","Beacon frame, SN=2065, FN=0, Flags=........C, BI=100, SSID=z5206677"
"304","2.801050994","0a:c5:e1:a7:65:73","Broadcast","802.11","350","-52dBm","Beacon frame, SN=2066, FN=0, Flags=........C, BI=100, SSID=z5206677"
"315","2.903483087","0a:c5:e1:a7:65:73","Broadcast","802.11","350","-41dBm","Beacon frame, SN=2067, FN=0, Flags=........C, BI=100, SSID=z5206677"
"319","3.006015893","0a:c5:e1:a7:65:73","Broadcast","802.11","350","-45dBm","Beacon frame, SN=2068, FN=0, Flags=........C, BI=100, SSID=z5206677"
"328","3.108332275","0a:c5:e1:a7:65:73","Broadcast","802.11","350","-46dBm","Beacon frame, SN=2069, FN=0, Flags=........C, BI=100, SSID=z5206677"
"335","3.210775934","0a:c5:e1:a7:65:73","Broadcast","802.11","350","-55dBm","Beacon frame, SN=2070, FN=0, Flags=........C, BI=100, SSID=z5206677"
"339","3.313039472","0a:c5:e1:a7:65:73","Broadcast","802.11","350","-60dBm","Beacon frame, SN=2071, FN=0, Flags=........C, BI=100, SSID=z5206677"
"343","3.415463748","0a:c5:e1:a7:65:73","Broadcast","802.11","350","-50dBm","Beacon frame, SN=2072, FN=0, Flags=........C, BI=100, SSID=z5206677"
"347","3.518009133","0a:c5:e1:a7:65:73","Broadcast","802.11","350","-49dBm","Beacon frame, SN=2073, FN=0, Flags=........C, BI=100, SSID=z5206677"
"351","3.620419431","0a:c5:e1:a7:65:73","Broadcast","802.11","350","-49dBm","Beacon frame, SN=2074, FN=0, Flags=........C, BI=100, SSID=z5206677"
"355","3.722772105","0a:c5:e1:a7:65:73","Broadcast","802.11","350","-57dBm","Beacon frame, SN=2075, FN=0, Flags=........C, BI=100, SSID=z5206677"
"359","3.825043200","0a:c5:e1:a7:65:73","Broadcast","802.11","350","-48dBm","Beacon frame, SN=2076, FN=0, Flags=........C, BI=100, SSID=z5206677"
"363","3.927456952","0a:c5:e1:a7:65:73","Broadcast","802.11","350","-49dBm","Beacon frame, SN=2077, FN=0, Flags=........C, BI=100, SSID=z5206677"
"367","4.029808218","0a:c5:e1:a7:65:73","Broadcast","802.11","350","-44dBm","Beacon frame, SN=2078, FN=0, Flags=........C, BI=100, SSID=z5206677"
"381","4.132183918","0a:c5:e1:a7:65:73","Broadcast","802.11","350","-52dBm","Beacon frame, SN=2079, FN=0, Flags=........C, BI=100, SSID=z5206677"
"385","4.234831612","0a:c5:e1:a7:65:73","Broadcast","802.11","350","-58dBm","Beacon frame, SN=2080, FN=0, Flags=........C, BI=100, SSID=z5206677"
"392","4.337648723","0a:c5:e1:a7:65:73","Broadcast","802.11","350","-51dBm","Beacon frame, SN=2082, FN=0, Flags=........C, BI=100, SSID=z5206677"
"420","4.439561482","0a:c5:e1:a7:65:73","Broadcast","802.11","350","-46dBm","Beacon frame, SN=2084, FN=0, Flags=........C, BI=100, SSID=z5206677"
"424","4.542017658","0a:c5:e1:a7:65:73","Broadcast","802.11","350","-57dBm","Beacon frame, SN=2085, FN=0, Flags=........C, BI=100, SSID=z5206677"
"428","4.644407738","0a:c5:e1:a7:65:73","Broadcast","802.11","350","-54dBm","Beacon frame, SN=2086, FN=0, Flags=........C, BI=100, SSID=z5206677"
"435","4.746720344","0a:c5:e1:a7:65:73","Broadcast","802.11","350","-50dBm","Beacon frame, SN=2087, FN=0, Flags=........C, BI=100, SSID=z5206677"
"445","4.849112519","0a:c5:e1:a7:65:73","Broadcast","802.11","350","-50dBm","Beacon frame, SN=2088, FN=0, Flags=........C, BI=100, SSID=z5206677"
"449","4.951495239","0a:c5:e1:a7:65:73","Broadcast","802.11","350","-57dBm","Beacon frame, SN=2089, FN=0, Flags=........C, BI=100, SSID=z5206677"
"454","5.053920877","0a:c5:e1:a7:65:73","Broadcast","802.11","350","-44dBm","Beacon frame, SN=2090, FN=0, Flags=........C, BI=100, SSID=z5206677"
"468","5.156240839","0a:c5:e1:a7:65:73","Broadcast","802.11","350","-48dBm","Beacon frame, SN=2091, FN=0, Flags=........C, BI=100, SSID=z5206677"
"472","5.258791514","0a:c5:e1:a7:65:73","Broadcast","802.11","350","-58dBm","Beacon frame, SN=2092, FN=0, Flags=........C, BI=100, SSID=z5206677"
"478","5.361211225","0a:c5:e1:a7:65:73","Broadcast","802.11","350","-61dBm","Beacon frame, SN=2093, FN=0, Flags=........C, BI=100, SSID=z5206677"
"485","5.463413326","0a:c5:e1:a7:65:73","Broadcast","802.11","350","-46dBm","Beacon frame, SN=2094, FN=0, Flags=........C, BI=100, SSID=z5206677"
"489","5.565907414","0a:c5:e1:a7:65:73","Broadcast","802.11","350","-57dBm","Beacon frame, SN=2095, FN=0, Flags=........C, BI=100, SSID=z5206677"
"493","5.668416922","0a:c5:e1:a7:65:73","Broadcast","802.11","350","-63dBm","Beacon frame, SN=2096, FN=0, Flags=........C, BI=100, SSID=z5206677"
"497","5.770814437","0a:c5:e1:a7:65:73","Broadcast","802.11","350","-53dBm","Beacon frame, SN=2097, FN=0, Flags=........C, BI=100, SSID=z5206677"
"501","5.873059254","0a:c5:e1:a7:65:73","Broadcast","802.11","350","-48dBm","Beacon frame, SN=2098, FN=0, Flags=........C, BI=100, SSID=z5206677"
"505","5.975527730","0a:c5:e1:a7:65:73","Broadcast","802.11","350","-45dBm","Beacon frame, SN=2099, FN=0, Flags=........C, BI=100, SSID=z5206677"
"509","6.077851151","0a:c5:e1:a7:65:73","Broadcast","802.11","350","-54dBm","Beacon frame, SN=2100, FN=0, Flags=........C, BI=100, SSID=z5206677"
"521","6.180280618","0a:c5:e1:a7:65:73","Broadcast","802.11","350","-55dBm","Beacon frame, SN=2101, FN=0, Flags=........C, BI=100, SSID=z5206677"
"542","6.692387345","0a:c5:e1:a7:65:73","Broadcast","802.11","350","-60dBm","Beacon frame, SN=2102, FN=0, Flags=........C, BI=100, SSID=z5206677"
"580","6.999409093","0a:c5:e1:a7:65:73","Broadcast","802.11","350","-54dBm","Beacon frame, SN=2103, FN=0, Flags=........C, BI=100, SSID=z5206677"
"587","7.102016477","0a:c5:e1:a7:65:73","Broadcast","802.11","350","-69dBm","Beacon frame, SN=2104, FN=0, Flags=........C, BI=100, SSID=z5206677"
"597","7.204271556","0a:c5:e1:a7:65:73","Broadcast","802.11","350","-55dBm","Beacon frame, SN=2105, FN=0, Flags=........C, BI=100, SSID=z5206677"
"601","7.306838676","0a:c5:e1:a7:65:73","Broadcast","802.11","350","-69dBm","Beacon frame, SN=2106, FN=0, Flags=........C, BI=100, SSID=z5206677"
"605","7.409135838","0a:c5:e1:a7:65:73","Broadcast","802.11","350","-54dBm","Beacon frame, SN=2107, FN=0, Flags=........C, BI=100, SSID=z5206677"
"611","7.511402758","0a:c5:e1:a7:65:73","Broadcast","802.11","350","-49dBm","Beacon frame, SN=2108, FN=0, Flags=........C, BI=100, SSID=z5206677"
"615","7.613985474","0a:c5:e1:a7:65:73","Broadcast","802.11","350","-61dBm","Beacon frame, SN=2109, FN=0, Flags=........C, BI=100, SSID=z5206677"
"619","7.716404806","0a:c5:e1:a7:65:73","Broadcast","802.11","350","-52dBm","Beacon frame, SN=2110, FN=0, Flags=........C, BI=100, SSID=z5206677"
"641","7.820469262","0a:c5:e1:a7:65:73","Broadcast","802.11","350","-56dBm","Beacon frame, SN=2113, FN=0, Flags=........C, BI=100, SSID=z5206677"
"649","7.921049747","0a:c5:e1:a7:65:73","Broadcast","802.11","350","-58dBm","Beacon frame, SN=2114, FN=0, Flags=........C, BI=100, SSID=z5206677"
"653","8.023427001","0a:c5:e1:a7:65:73","Broadcast","802.11","350","-58dBm","Beacon frame, SN=2115, FN=0, Flags=........C, BI=100, SSID=z5206677"
"669","8.125885444","0a:c5:e1:a7:65:73","Broadcast","802.11","350","-62dBm","Beacon frame, SN=2116, FN=0, Flags=........C, BI=100, SSID=z5206677"
"673","8.228214983","0a:c5:e1:a7:65:73","Broadcast","802.11","350","-56dBm","Beacon frame, SN=2117, FN=0, Flags=........C, BI=100, SSID=z5206677"
"677","8.330634962","0a:c5:e1:a7:65:73","Broadcast","802.11","350","-56dBm","Beacon frame, SN=2118, FN=0, Flags=........C, BI=100, SSID=z5206677"
"683","8.432996152","0a:c5:e1:a7:65:73","Broadcast","802.11","350","-59dBm","Beacon frame, SN=2119, FN=0, Flags=........C, BI=100, SSID=z5206677"
"689","8.535382148","0a:c5:e1:a7:65:73","Broadcast","802.11","350","-55dBm","Beacon frame, SN=2120, FN=0, Flags=........C, BI=100, SSID=z5206677"
"693","8.638014235","0a:c5:e1:a7:65:73","Broadcast","802.11","350","-54dBm","Beacon frame, SN=2121, FN=0, Flags=........C, BI=100, SSID=z5206677"
"697","8.740274920","0a:c5:e1:a7:65:73","Broadcast","802.11","350","-50dBm","Beacon frame, SN=2122, FN=0, Flags=........C, BI=100, SSID=z5206677"
"707","8.842721242","0a:c5:e1:a7:65:73","Broadcast","802.11","350","-52dBm","Beacon frame, SN=2123, FN=0, Flags=........C, BI=100, SSID=z5206677"
"711","8.945010187","0a:c5:e1:a7:65:73","Broadcast","802.11","350","-52dBm","Beacon frame, SN=2124, FN=0, Flags=........C, BI=100, SSID=z5206677"
"716","9.047425901","0a:c5:e1:a7:65:73","Broadcast","802.11","350","-57dBm","Beacon frame, SN=2125, FN=0, Flags=........C, BI=100, SSID=z5206677"
"726","9.149966774","0a:c5:e1:a7:65:73","Broadcast","802.11","350","-58dBm","Beacon frame, SN=2126, FN=0, Flags=........C, BI=100, SSID=z5206677"
"730","9.252376902","0a:c5:e1:a7:65:73","Broadcast","802.11","350","-63dBm","Beacon frame, SN=2127, FN=0, Flags=........C, BI=100, SSID=z5206677"
"734","9.354805927","0a:c5:e1:a7:65:73","Broadcast","802.11","350","-65dBm","Beacon frame, SN=2128, FN=0, Flags=........C, BI=100, SSID=z5206677"
"743","9.457161227","0a:c5:e1:a7:65:73","Broadcast","802.11","350","-56dBm","Beacon frame, SN=2129, FN=0, Flags=........C, BI=100, SSID=z5206677"
"747","9.559418484","0a:c5:e1:a7:65:73","Broadcast","802.11","350","-55dBm","Beacon frame, SN=2130, FN=0, Flags=........C, BI=100, SSID=z5206677"
"751","9.661922193","0a:c5:e1:a7:65:73","Broadcast","802.11","350","-67dBm","Beacon frame, SN=2131, FN=0, Flags=........C, BI=100, SSID=z5206677"
"755","9.764357933","0a:c5:e1:a7:65:73","Broadcast","802.11","350","-74dBm","Beacon frame, SN=2132, FN=0, Flags=........C, BI=100, SSID=z5206677"
"759","9.866780176","0a:c5:e1:a7:65:73","Broadcast","802.11","350","-61dBm","Beacon frame, SN=2133, FN=0, Flags=........C, BI=100, SSID=z5206677"
"763","9.969186649","0a:c5:e1:a7:65:73","Broadcast","802.11","350","-70dBm","Beacon frame, SN=2134, FN=0, Flags=........C, BI=100, SSID=z5206677"
"767","10.071429702","0a:c5:e1:a7:65:73","Broadcast","802.11","350","-58dBm","Beacon frame, SN=2135, FN=0, Flags=........C, BI=100, SSID=z5206677"
"777","10.173785743","0a:c5:e1:a7:65:73","Broadcast","802.11","350","-74dBm","Beacon frame, SN=2136, FN=0, Flags=........C, BI=100, SSID=z5206677"
"781","10.276296937","0a:c5:e1:a7:65:73","Broadcast","802.11","350","-81dBm","Beacon frame, SN=2137, FN=0, Flags=........C, BI=100, SSID=z5206677"
"785","10.378682851","0a:c5:e1:a7:65:73","Broadcast","802.11","350","-65dBm","Beacon frame, SN=2138, FN=0, Flags=........C, BI=100, SSID=z5206677"
"790","10.481193415","0a:c5:e1:a7:65:73","Broadcast","802.11","350","-73dBm","Beacon frame, SN=2139, FN=0, Flags=........C, BI=100, SSID=z5206677"
"794","10.583517296","0a:c5:e1:a7:65:73","Broadcast","802.11","350","-65dBm","Beacon frame, SN=2140, FN=0, Flags=........C, BI=100, SSID=z5206677"
"798","10.685793324","0a:c5:e1:a7:65:73","Broadcast","802.11","350","-59dBm","Beacon frame, SN=2141, FN=0, Flags=........C, BI=100, SSID=z5206677"
"802","10.788372508","0a:c5:e1:a7:65:73","Broadcast","802.11","350","-62dBm","Beacon frame, SN=2142, FN=0, Flags=........C, BI=100, SSID=z5206677"
"813","10.890701531","0a:c5:e1:a7:65:73","Broadcast","802.11","350","-57dBm","Beacon frame, SN=2143, FN=0, Flags=........C, BI=100, SSID=z5206677"
"817","10.992986131","0a:c5:e1:a7:65:73","Broadcast","802.11","350","-60dBm","Beacon frame, SN=2144, FN=0, Flags=........C, BI=100, SSID=z5206677"
"822","11.095586148","0a:c5:e1:a7:65:73","Broadcast","802.11","350","-61dBm","Beacon frame, SN=2145, FN=0, Flags=........C, BI=100, SSID=z5206677"
"844","11.198785847","0a:c5:e1:a7:65:73","Broadcast","802.11","350","-61dBm","Beacon frame, SN=2148, FN=0, Flags=........C, BI=100, SSID=z5206677"
"853","11.300375878","0a:c5:e1:a7:65:73","Broadcast","802.11","350","-62dBm","Beacon frame, SN=2149, FN=0, Flags=........C, BI=100, SSID=z5206677"
"858","11.402690077","0a:c5:e1:a7:65:73","Broadcast","802.11","350","-63dBm","Beacon frame, SN=2150, FN=0, Flags=........C, BI=100, SSID=z5206677"
"869","11.504999281","0a:c5:e1:a7:65:73","Broadcast","802.11","350","-64dBm","Beacon frame, SN=2151, FN=0, Flags=........C, BI=100, SSID=z5206677"
"873","11.607471866","0a:c5:e1:a7:65:73","Broadcast","802.11","350","-70dBm","Beacon frame, SN=2152, FN=0, Flags=........C, BI=100, SSID=z5206677"
"877","11.709761302","0a:c5:e1:a7:65:73","Broadcast","802.11","350","-72dBm","Beacon frame, SN=2153, FN=0, Flags=........C, BI=100, SSID=z5206677"
"883","11.812373355","0a:c5:e1:a7:65:73","Broadcast","802.11","350","-71dBm","Beacon frame, SN=2154, FN=0, Flags=........C, BI=100, SSID=z5206677"
"887","11.914806257","0a:c5:e1:a7:65:73","Broadcast","802.11","350","-64dBm","Beacon frame, SN=2155, FN=0, Flags=........C, BI=100, SSID=z5206677"
"893","12.017170022","0a:c5:e1:a7:65:73","Broadcast","802.11","350","-65dBm","Beacon frame, SN=2156, FN=0, Flags=........C, BI=100, SSID=z5206677"
"897","12.119565320","0a:c5:e1:a7:65:73","Broadcast","802.11","350","-67dBm","Beacon frame, SN=2157, FN=0, Flags=........C, BI=100, SSID=z5206677"
"907","12.221771523","0a:c5:e1:a7:65:73","Broadcast","802.11","350","-71dBm","Beacon frame, SN=2158, FN=0, Flags=........C, BI=100, SSID=z5206677"
"911","12.324376497","0a:c5:e1:a7:65:73","Broadcast","802.11","350","-67dBm","Beacon frame, SN=2159, FN=0, Flags=........C, BI=100, SSID=z5206677"
"915","12.426628058","0a:c5:e1:a7:65:73","Broadcast","802.11","350","-65dBm","Beacon frame, SN=2160, FN=0, Flags=........C, BI=100, SSID=z5206677"
"921","12.529017164","0a:c5:e1:a7:65:73","Broadcast","802.11","350","-80dBm","Beacon frame, SN=2161, FN=0, Flags=........C, BI=100, SSID=z5206677"
"925","12.631581041","0a:c5:e1:a7:65:73","Broadcast","802.11","350","-76dBm","Beacon frame, SN=2162, FN=0, Flags=........C, BI=100, SSID=z5206677"
"945","12.734819406","0a:c5:e1:a7:65:73","Broadcast","802.11","350","-69dBm","Beacon frame, SN=2165, FN=0, Flags=........C, BI=100, SSID=z5206677"
"956","12.836378337","0a:c5:e1:a7:65:73","Broadcast","802.11","350","-84dBm","Beacon frame, SN=2166, FN=0, Flags=........C, BI=100, SSID=z5206677"
"960","12.938585656","0a:c5:e1:a7:65:73","Broadcast","802.11","350","-73dBm","Beacon frame, SN=2167, FN=0, Flags=........C, BI=100, SSID=z5206677"
"966","13.040996225","0a:c5:e1:a7:65:73","Broadcast","802.11","350","-70dBm","Beacon frame, SN=2168, FN=0, Flags=........C, BI=100, SSID=z5206677"
"974","13.143570725","0a:c5:e1:a7:65:73","Broadcast","802.11","350","-83dBm","Beacon frame, SN=2169, FN=0, Flags=........C, BI=100, SSID=z5206677"
"995","13.553157233","0a:c5:e1:a7:65:73","Broadcast","802.11","350","-74dBm","Beacon frame, SN=2173, FN=0, Flags=........C, BI=100, SSID=z5206677"
"999","13.655553087","0a:c5:e1:a7:65:73","Broadcast","802.11","350","-75dBm","Beacon frame, SN=2174, FN=0, Flags=........C, BI=100, SSID=z5206677"
"1003","13.757781126","0a:c5:e1:a7:65:73","Broadcast","802.11","350","-76dBm","Beacon frame, SN=2175, FN=0, Flags=........C, BI=100, SSID=z5206677"
"1011","13.860365695","0a:c5:e1:a7:65:73","Broadcast","802.11","350","-77dBm","Beacon frame, SN=2176, FN=0, Flags=........C, BI=100, SSID=z5206677"
"1042","14.474691688","0a:c5:e1:a7:65:73","Broadcast","802.11","350","-83dBm","Beacon frame, SN=2182, FN=0, Flags=........C, BI=100, SSID=z5206677"
"1049","14.679534581","0a:c5:e1:a7:65:73","Broadcast","802.11","350","-83dBm","Beacon frame, SN=2184, FN=0, Flags=........C, BI=100, SSID=z5206677"
"1059","14.781787076","0a:c5:e1:a7:65:73","Broadcast","802.11","350","-79dBm","Beacon frame, SN=2185, FN=0, Flags=........C, BI=100, SSID=z5206677"
"1069","14.884310465","0a:c5:e1:a7:65:73","Broadcast","802.11","350","-83dBm","Beacon frame, SN=2186, FN=0, Flags=........C, BI=100, SSID=z5206677"
"1113","15.908307100","0a:c5:e1:a7:65:73","Broadcast","802.11","350","-84dBm","Beacon frame, SN=2196, FN=0, Flags=........C, BI=100, SSID=z5206677"
"1142","16.522680221","0a:c5:e1:a7:65:73","Broadcast","802.11","350","-85dBm","Beacon frame, SN=2203, FN=0, Flags=........C, BI=100, SSID=z5206677"
"1557","23.485912874","0a:c5:e1:a7:65:73","Broadcast","802.11","350","-85dBm","Beacon frame, SN=2266, FN=0, Flags=........C, BI=100, SSID=z5206677"
"1822","26.865364291","0a:c5:e1:a7:65:73","Broadcast","802.11","350","-75dBm","Beacon frame, SN=2302, FN=0, Flags=........C, BI=100, SSID=z5206677"
"2031","29.015299191","0a:c5:e1:a7:65:73","Broadcast","802.11","350","-82dBm","Beacon frame, SN=2326, FN=0, Flags=........C, BI=100, SSID=z5206677"
"2074","29.424934251","0a:c5:e1:a7:65:73","Broadcast","802.11","350","-78dBm","Beacon frame, SN=2330, FN=0, Flags=........C, BI=100, SSID=z5206677"
"2078","29.527338691","0a:c5:e1:a7:65:73","Broadcast","802.11","350","-81dBm","Beacon frame, SN=2331, FN=0, Flags=........C, BI=100, SSID=z5206677"
"2124","30.039458786","0a:c5:e1:a7:65:73","Broadcast","802.11","350","-76dBm","Beacon frame, SN=2336, FN=0, Flags=........C, BI=100, SSID=z5206677"
"2132","30.141886695","0a:c5:e1:a7:65:73","Broadcast","802.11","350","-77dBm","Beacon frame, SN=2337, FN=0, Flags=........C, BI=100, SSID=z5206677"
"2136","30.244096255","0a:c5:e1:a7:65:73","Broadcast","802.11","350","-79dBm","Beacon frame, SN=2338, FN=0, Flags=........C, BI=100, SSID=z5206677"
"2143","30.448985040","0a:c5:e1:a7:65:73","Broadcast","802.11","350","-80dBm","Beacon frame, SN=2340, FN=0, Flags=........C, BI=100, SSID=z5206677"
"2153","30.756129162","0a:c5:e1:a7:65:73","Broadcast","802.11","350","-77dBm","Beacon frame, SN=2343, FN=0, Flags=........C, BI=100, SSID=z5206677"
"2157","30.858579706","0a:c5:e1:a7:65:73","Broadcast","802.11","350","-77dBm","Beacon frame, SN=2344, FN=0, Flags=........C, BI=100, SSID=z5206677"
"2161","30.960857444","0a:c5:e1:a7:65:73","Broadcast","802.11","350","-76dBm","Beacon frame, SN=2345, FN=0, Flags=........C, BI=100, SSID=z5206677"
"2166","31.063447190","0a:c5:e1:a7:65:73","Broadcast","802.11","350","-74dBm","Beacon frame, SN=2346, FN=0, Flags=........C, BI=100, SSID=z5206677"
"2174","31.165848856","0a:c5:e1:a7:65:73","Broadcast","802.11","350","-75dBm","Beacon frame, SN=2347, FN=0, Flags=........C, BI=100, SSID=z5206677"
"2178","31.268065431","0a:c5:e1:a7:65:73","Broadcast","802.11","350","-76dBm","Beacon frame, SN=2348, FN=0, Flags=........C, BI=100, SSID=z5206677"
"2182","31.370664206","0a:c5:e1:a7:65:73","Broadcast","802.11","350","-77dBm","Beacon frame, SN=2349, FN=0, Flags=........C, BI=100, SSID=z5206677"
"2187","31.473060517","0a:c5:e1:a7:65:73","Broadcast","802.11","350","-79dBm","Beacon frame, SN=2350, FN=0, Flags=........C, BI=100, SSID=z5206677"
"2191","31.575264127","0a:c5:e1:a7:65:73","Broadcast","802.11","350","-78dBm","Beacon frame, SN=2351, FN=0, Flags=........C, BI=100, SSID=z5206677"
"2197","31.677873855","0a:c5:e1:a7:65:73","Broadcast","802.11","350","-78dBm","Beacon frame, SN=2352, FN=0, Flags=........C, BI=100, SSID=z5206677"
"2201","31.780095528","0a:c5:e1:a7:65:73","Broadcast","802.11","350","-78dBm","Beacon frame, SN=2353, FN=0, Flags=........C, BI=100, SSID=z5206677"
"2205","31.882614287","0a:c5:e1:a7:65:73","Broadcast","802.11","350","-77dBm","Beacon frame, SN=2354, FN=0, Flags=........C, BI=100, SSID=z5206677"
"2218","31.985060418","0a:c5:e1:a7:65:73","Broadcast","802.11","350","-80dBm","Beacon frame, SN=2355, FN=0, Flags=........C, BI=100, SSID=z5206677"
"2227","32.088251535","0a:c5:e1:a7:65:73","Broadcast","802.11","350","-83dBm","Beacon frame, SN=2356, FN=0, Flags=........C, BI=100, SSID=z5206677"
"2235","32.189841319","0a:c5:e1:a7:65:73","Broadcast","802.11","350","-83dBm","Beacon frame, SN=2357, FN=0, Flags=........C, BI=100, SSID=z5206677"
"2244","32.394463614","0a:c5:e1:a7:65:73","Broadcast","802.11","350","-82dBm","Beacon frame, SN=2359, FN=0, Flags=........C, BI=100, SSID=z5206677"
"2249","32.497069729","0a:c5:e1:a7:65:73","Broadcast","802.11","350","-82dBm","Beacon frame, SN=2360, FN=0, Flags=........C, BI=100, SSID=z5206677"
"2253","32.599253894","0a:c5:e1:a7:65:73","Broadcast","802.11","350","-77dBm","Beacon frame, SN=2361, FN=0, Flags=........C, BI=100, SSID=z5206677"
"2282","32.804044751","0a:c5:e1:a7:65:73","Broadcast","802.11","350","-74dBm","Beacon frame, SN=2365, FN=0, Flags=........C, BI=100, SSID=z5206677"
"2286","32.906459440","0a:c5:e1:a7:65:73","Broadcast","802.11","350","-76dBm","Beacon frame, SN=2366, FN=0, Flags=........C, BI=100, SSID=z5206677"
"2293","33.008803340","0a:c5:e1:a7:65:73","Broadcast","802.11","350","-77dBm","Beacon frame, SN=2367, FN=0, Flags=........C, BI=100, SSID=z5206677"
"2297","33.111243416","0a:c5:e1:a7:65:73","Broadcast","802.11","350","-78dBm","Beacon frame, SN=2368, FN=0, Flags=........C, BI=100, SSID=z5206677"
"2305","33.213679828","0a:c5:e1:a7:65:73","Broadcast","802.11","350","-78dBm","Beacon frame, SN=2369, FN=0, Flags=........C, BI=100, SSID=z5206677"
"2309","33.316066002","0a:c5:e1:a7:65:73","Broadcast","802.11","350","-80dBm","Beacon frame, SN=2370, FN=0, Flags=........C, BI=100, SSID=z5206677"
"2313","33.418460479","0a:c5:e1:a7:65:73","Broadcast","802.11","350","-78dBm","Beacon frame, SN=2371, FN=0, Flags=........C, BI=100, SSID=z5206677"
"2323","33.520834884","0a:c5:e1:a7:65:73","Broadcast","802.11","350","-72dBm","Beacon frame, SN=2372, FN=0, Flags=........C, BI=100, SSID=z5206677"
"2328","33.623233542","0a:c5:e1:a7:65:73","Broadcast","802.11","350","-75dBm","Beacon frame, SN=2373, FN=0, Flags=........C, BI=100, SSID=z5206677"
"2332","33.725649234","0a:c5:e1:a7:65:73","Broadcast","802.11","350","-71dBm","Beacon frame, SN=2374, FN=0, Flags=........C, BI=100, SSID=z5206677"
"2340","33.828018117","0a:c5:e1:a7:65:73","Broadcast","802.11","350","-72dBm","Beacon frame, SN=2375, FN=0, Flags=........C, BI=100, SSID=z5206677"
"2344","33.930471197","0a:c5:e1:a7:65:73","Broadcast","802.11","350","-74dBm","Beacon frame, SN=2376, FN=0, Flags=........C, BI=100, SSID=z5206677"
"2348","34.033035259","0a:c5:e1:a7:65:73","Broadcast","802.11","350","-82dBm","Beacon frame, SN=2377, FN=0, Flags=........C, BI=100, SSID=z5206677"
"2352","34.135384151","0a:c5:e1:a7:65:73","Broadcast","802.11","350","-73dBm","Beacon frame, SN=2378, FN=0, Flags=........C, BI=100, SSID=z5206677"
"2362","34.237854415","0a:c5:e1:a7:65:73","Broadcast","802.11","350","-77dBm","Beacon frame, SN=2379, FN=0, Flags=........C, BI=100, SSID=z5206677"
"2366","34.340052915","0a:c5:e1:a7:65:73","Broadcast","802.11","350","-71dBm","Beacon frame, SN=2380, FN=0, Flags=........C, BI=100, SSID=z5206677"
"2370","34.442485457","0a:c5:e1:a7:65:73","Broadcast","802.11","350","-71dBm","Beacon frame, SN=2381, FN=0, Flags=........C, BI=100, SSID=z5206677"
"2382","34.545065453","0a:c5:e1:a7:65:73","Broadcast","802.11","350","-70dBm","Beacon frame, SN=2382, FN=0, Flags=........C, BI=100, SSID=z5206677"
"2391","34.647384839","0a:c5:e1:a7:65:73","Broadcast","802.11","350","-66dBm","Beacon frame, SN=2383, FN=0, Flags=........C, BI=100, SSID=z5206677"
"2395","34.749824505","0a:c5:e1:a7:65:73","Broadcast","802.11","350","-65dBm","Beacon frame, SN=2384, FN=0, Flags=........C, BI=100, SSID=z5206677"
"2399","34.852024088","0a:c5:e1:a7:65:73","Broadcast","802.11","350","-66dBm","Beacon frame, SN=2385, FN=0, Flags=........C, BI=100, SSID=z5206677"
"2407","34.954501716","0a:c5:e1:a7:65:73","Broadcast","802.11","350","-67dBm","Beacon frame, SN=2386, FN=0, Flags=........C, BI=100, SSID=z5206677"
"2411","35.057038701","0a:c5:e1:a7:65:73","Broadcast","802.11","350","-67dBm","Beacon frame, SN=2387, FN=0, Flags=........C, BI=100, SSID=z5206677"
"2419","35.159453990","0a:c5:e1:a7:65:73","Broadcast","802.11","350","-64dBm","Beacon frame, SN=2388, FN=0, Flags=........C, BI=100, SSID=z5206677"
"2432","35.364223685","0a:c5:e1:a7:65:73","Broadcast","802.11","350","-77dBm","Beacon frame, SN=2390, FN=0, Flags=........C, BI=100, SSID=z5206677"
"2436","35.466451854","0a:c5:e1:a7:65:73","Broadcast","802.11","350","-73dBm","Beacon frame, SN=2391, FN=0, Flags=........C, BI=100, SSID=z5206677"
"2447","35.568837442","0a:c5:e1:a7:65:73","Broadcast","802.11","350","-69dBm","Beacon frame, SN=2392, FN=0, Flags=........C, BI=100, SSID=z5206677"
"2451","35.671268557","0a:c5:e1:a7:65:73","Broadcast","802.11","350","-80dBm","Beacon frame, SN=2393, FN=0, Flags=........C, BI=100, SSID=z5206677"
"2457","35.773841861","0a:c5:e1:a7:65:73","Broadcast","802.11","350","-69dBm","Beacon frame, SN=2394, FN=0, Flags=........C, BI=100, SSID=z5206677"
"2461","35.876181921","0a:c5:e1:a7:65:73","Broadcast","802.11","350","-73dBm","Beacon frame, SN=2395, FN=0, Flags=........C, BI=100, SSID=z5206677"
"2465","35.978473468","0a:c5:e1:a7:65:73","Broadcast","802.11","350","-66dBm","Beacon frame, SN=2396, FN=0, Flags=........C, BI=100, SSID=z5206677"
"2484","36.082876844","0a:c5:e1:a7:65:73","Broadcast","802.11","350","-80dBm","Beacon frame, SN=2398, FN=0, Flags=........C, BI=100, SSID=z5206677"
"2511","36.183350463","0a:c5:e1:a7:65:73","Broadcast","802.11","350","-69dBm","Beacon frame, SN=2400, FN=0, Flags=........C, BI=100, SSID=z5206677"
"2519","36.285863203","0a:c5:e1:a7:65:73","Broadcast","802.11","350","-66dBm","Beacon frame, SN=2401, FN=0, Flags=........C, BI=100, SSID=z5206677"
"2523","36.388200307","0a:c5:e1:a7:65:73","Broadcast","802.11","350","-74dBm","Beacon frame, SN=2402, FN=0, Flags=........C, BI=100, SSID=z5206677"
"2537","36.490499673","0a:c5:e1:a7:65:73","Broadcast","802.11","350","-63dBm","Beacon frame, SN=2403, FN=0, Flags=........C, BI=100, SSID=z5206677"
"2542","36.593038864","0a:c5:e1:a7:65:73","Broadcast","802.11","350","-72dBm","Beacon frame, SN=2405, FN=0, Flags=........C, BI=100, SSID=z5206677"
"2548","36.696644347","0a:c5:e1:a7:65:73","Broadcast","802.11","350","-64dBm","Beacon frame, SN=2406, FN=0, Flags=........C, BI=100, SSID=z5206677"
"2561","36.797855863","0a:c5:e1:a7:65:73","Broadcast","802.11","350","-63dBm","Beacon frame, SN=2407, FN=0, Flags=........C, BI=100, SSID=z5206677"
"2565","36.900117678","0a:c5:e1:a7:65:73","Broadcast","802.11","350","-58dBm","Beacon frame, SN=2408, FN=0, Flags=........C, BI=100, SSID=z5206677"
"2571","37.002578701","0a:c5:e1:a7:65:73","Broadcast","802.11","350","-59dBm","Beacon frame, SN=2409, FN=0, Flags=........C, BI=100, SSID=z5206677"
"2580","37.105013912","0a:c5:e1:a7:65:73","Broadcast","802.11","350","-61dBm","Beacon frame, SN=2410, FN=0, Flags=........C, BI=100, SSID=z5206677"
"2592","37.207474347","0a:c5:e1:a7:65:73","Broadcast","802.11","350","-62dBm","Beacon frame, SN=2411, FN=0, Flags=........C, BI=100, SSID=z5206677"
"2638","37.309820941","0a:c5:e1:a7:65:73","Broadcast","802.11","350","-63dBm","Beacon frame, SN=2412, FN=0, Flags=........C, BI=100, SSID=z5206677"
"2642","37.412160306","0a:c5:e1:a7:65:73","Broadcast","802.11","350","-61dBm","Beacon frame, SN=2413, FN=0, Flags=........C, BI=100, SSID=z5206677"
"2646","37.514476545","0a:c5:e1:a7:65:73","Broadcast","802.11","350","-62dBm","Beacon frame, SN=2414, FN=0, Flags=........C, BI=100, SSID=z5206677"
"2658","37.616883041","0a:c5:e1:a7:65:73","Broadcast","802.11","350","-68dBm","Beacon frame, SN=2415, FN=0, Flags=........C, BI=100, SSID=z5206677"
"2678","37.719262813","0a:c5:e1:a7:65:73","Broadcast","802.11","350","-62dBm","Beacon frame, SN=2416, FN=0, Flags=........C, BI=100, SSID=z5206677"
"2686","37.821821962","0a:c5:e1:a7:65:73","Broadcast","802.11","350","-61dBm","Beacon frame, SN=2417, FN=0, Flags=........C, BI=100, SSID=z5206677"
"2702","37.924062487","0a:c5:e1:a7:65:73","Broadcast","802.11","350","-63dBm","Beacon frame, SN=2418, FN=0, Flags=........C, BI=100, SSID=z5206677"
"2708","38.026428821","0a:c5:e1:a7:65:73","Broadcast","802.11","350","-66dBm","Beacon frame, SN=2419, FN=0, Flags=........C, BI=100, SSID=z5206677"
"2725","38.128833891","0a:c5:e1:a7:65:73","Broadcast","802.11","350","-65dBm","Beacon frame, SN=2420, FN=0, Flags=........C, BI=100, SSID=z5206677"
"2739","38.231413949","0a:c5:e1:a7:65:73","Broadcast","802.11","350","-66dBm","Beacon frame, SN=2421, FN=0, Flags=........C, BI=100, SSID=z5206677"
"2759","38.333793253","0a:c5:e1:a7:65:73","Broadcast","802.11","350","-66dBm","Beacon frame, SN=2422, FN=0, Flags=........C, BI=100, SSID=z5206677"
"2765","38.436047927","0a:c5:e1:a7:65:73","Broadcast","802.11","350","-61dBm","Beacon frame, SN=2423, FN=0, Flags=........C, BI=100, SSID=z5206677"
"2771","38.538458047","0a:c5:e1:a7:65:73","Broadcast","802.11","350","-66dBm","Beacon frame, SN=2424, FN=0, Flags=........C, BI=100, SSID=z5206677"
"2775","38.641028344","0a:c5:e1:a7:65:73","Broadcast","802.11","350","-64dBm","Beacon frame, SN=2425, FN=0, Flags=........C, BI=100, SSID=z5206677"
"2779","38.743279064","0a:c5:e1:a7:65:73","Broadcast","802.11","350","-60dBm","Beacon frame, SN=2426, FN=0, Flags=........C, BI=100, SSID=z5206677"
"2792","38.845693615","0a:c5:e1:a7:65:73","Broadcast","802.11","350","-63dBm","Beacon frame, SN=2427, FN=0, Flags=........C, BI=100, SSID=z5206677"
"2796","38.948082766","0a:c5:e1:a7:65:73","Broadcast","802.11","350","-60dBm","Beacon frame, SN=2428, FN=0, Flags=........C, BI=100, SSID=z5206677"
"2801","39.050426302","0a:c5:e1:a7:65:73","Broadcast","802.11","350","-57dBm","Beacon frame, SN=2429, FN=0, Flags=........C, BI=100, SSID=z5206677"
"2809","39.152996761","0a:c5:e1:a7:65:73","Broadcast","802.11","350","-66dBm","Beacon frame, SN=2430, FN=0, Flags=........C, BI=100, SSID=z5206677"
"2815","39.255399423","0a:c5:e1:a7:65:73","Broadcast","802.11","350","-59dBm","Beacon frame, SN=2431, FN=0, Flags=........C, BI=100, SSID=z5206677"
"2819","39.357635557","0a:c5:e1:a7:65:73","Broadcast","802.11","350","-54dBm","Beacon frame, SN=2432, FN=0, Flags=........C, BI=100, SSID=z5206677"
"2832","39.461696686","0a:c5:e1:a7:65:73","Broadcast","802.11","350","-61dBm","Beacon frame, SN=2434, FN=0, Flags=........C, BI=100, SSID=z5206677"
"2853","39.562425623","0a:c5:e1:a7:65:73","Broadcast","802.11","350","-66dBm","Beacon frame, SN=2436, FN=0, Flags=........C, BI=100, SSID=z5206677"
"2859","39.664862835","0a:c5:e1:a7:65:73","Broadcast","802.11","350","-75dBm","Beacon frame, SN=2437, FN=0, Flags=........C, BI=100, SSID=z5206677"
"2865","39.767244931","0a:c5:e1:a7:65:73","Broadcast","802.11","350","-70dBm","Beacon frame, SN=2438, FN=0, Flags=........C, BI=100, SSID=z5206677"
"2869","39.869812050","0a:c5:e1:a7:65:73","Broadcast","802.11","350","-64dBm","Beacon frame, SN=2439, FN=0, Flags=........C, BI=100, SSID=z5206677"
"2877","39.972046016","0a:c5:e1:a7:65:73","Broadcast","802.11","350","-71dBm","Beacon frame, SN=2440, FN=0, Flags=........C, BI=100, SSID=z5206677"
"2881","40.074446588","0a:c5:e1:a7:65:73","Broadcast","802.11","350","-60dBm","Beacon frame, SN=2441, FN=0, Flags=........C, BI=100, SSID=z5206677"
"2891","40.176995385","0a:c5:e1:a7:65:73","Broadcast","802.11","350","-57dBm","Beacon frame, SN=2442, FN=0, Flags=........C, BI=100, SSID=z5206677"
"2895","40.279387960","0a:c5:e1:a7:65:73","Broadcast","802.11","350","-80dBm","Beacon frame, SN=2443, FN=0, Flags=........C, BI=100, SSID=z5206677"
"2899","40.381803765","0a:c5:e1:a7:65:73","Broadcast","802.11","350","-59dBm","Beacon frame, SN=2444, FN=0, Flags=........C, BI=100, SSID=z5206677"
"2912","40.484032617","0a:c5:e1:a7:65:73","Broadcast","802.11","350","-56dBm","Beacon frame, SN=2445, FN=0, Flags=........C, BI=100, SSID=z5206677"
"2916","40.586432136","0a:c5:e1:a7:65:73","Broadcast","802.11","350","-74dBm","Beacon frame, SN=2446, FN=0, Flags=........C, BI=100, SSID=z5206677"
"2920","40.689026712","0a:c5:e1:a7:65:73","Broadcast","802.11","350","-53dBm","Beacon frame, SN=2447, FN=0, Flags=........C, BI=100, SSID=z5206677"
"2932","40.791389428","0a:c5:e1:a7:65:73","Broadcast","802.11","350","-53dBm","Beacon frame, SN=2448, FN=0, Flags=........C, BI=100, SSID=z5206677"
"2936","40.893817399","0a:c5:e1:a7:65:73","Broadcast","802.11","350","-58dBm","Beacon frame, SN=2449, FN=0, Flags=........C, BI=100, SSID=z5206677"
"2942","40.996201643","0a:c5:e1:a7:65:73","Broadcast","802.11","350","-59dBm","Beacon frame, SN=2450, FN=0, Flags=........C, BI=100, SSID=z5206677"
"2947","41.098507193","0a:c5:e1:a7:65:73","Broadcast","802.11","350","-66dBm","Beacon frame, SN=2451, FN=0, Flags=........C, BI=100, SSID=z5206677"
"2955","41.200908001","0a:c5:e1:a7:65:73","Broadcast","802.11","350","-69dBm","Beacon frame, SN=2452, FN=0, Flags=........C, BI=100, SSID=z5206677"
"2959","41.303381755","0a:c5:e1:a7:65:73","Broadcast","802.11","350","-59dBm","Beacon frame, SN=2453, FN=0, Flags=........C, BI=100, SSID=z5206677"
"2964","41.405800940","0a:c5:e1:a7:65:73","Broadcast","802.11","350","-63dBm","Beacon frame, SN=2454, FN=0, Flags=........C, BI=100, SSID=z5206677"
"2968","41.508207021","0a:c5:e1:a7:65:73","Broadcast","802.11","350","-58dBm","Beacon frame, SN=2455, FN=0, Flags=........C, BI=100, SSID=z5206677"
"2972","41.610434117","0a:c5:e1:a7:65:73","Broadcast","802.11","350","-53dBm","Beacon frame, SN=2456, FN=0, Flags=........C, BI=100, SSID=z5206677"
"2984","41.712876335","0a:c5:e1:a7:65:73","Broadcast","802.11","350","-53dBm","Beacon frame, SN=2457, FN=0, Flags=........C, BI=100, SSID=z5206677"
"2988","41.815369255","0a:c5:e1:a7:65:73","Broadcast","802.11","350","-54dBm","Beacon frame, SN=2458, FN=0, Flags=........C, BI=100, SSID=z5206677"
"2992","41.917660996","0a:c5:e1:a7:65:73","Broadcast","802.11","350","-55dBm","Beacon frame, SN=2459, FN=0, Flags=........C, BI=100, SSID=z5206677"
"2998","42.019971412","0a:c5:e1:a7:65:73","Broadcast","802.11","350","-55dBm","Beacon frame, SN=2460, FN=0, Flags=........C, BI=100, SSID=z5206677"
"3002","42.122370565","0a:c5:e1:a7:65:73","Broadcast","802.11","350","-50dBm","Beacon frame, SN=2461, FN=0, Flags=........C, BI=100, SSID=z5206677"
"3010","42.224820802","0a:c5:e1:a7:65:73","Broadcast","802.11","350","-50dBm","Beacon frame, SN=2462, FN=0, Flags=........C, BI=100, SSID=z5206677"
"3014","42.327392900","0a:c5:e1:a7:65:73","Broadcast","802.11","350","-47dBm","Beacon frame, SN=2463, FN=0, Flags=........C, BI=100, SSID=z5206677"
"3020","42.429621199","0a:c5:e1:a7:65:73","Broadcast","802.11","350","-44dBm","Beacon frame, SN=2464, FN=0, Flags=........C, BI=100, SSID=z5206677"
"3048","42.532001052","0a:c5:e1:a7:65:73","Broadcast","802.11","350","-42dBm","Beacon frame, SN=2465, FN=0, Flags=........C, BI=100, SSID=z5206677"
"3052","42.634463113","0a:c5:e1:a7:65:73","Broadcast","802.11","350","-46dBm","Beacon frame, SN=2466, FN=0, Flags=........C, BI=100, SSID=z5206677"
"3056","42.736980662","0a:c5:e1:a7:65:73","Broadcast","802.11","350","-54dBm","Beacon frame, SN=2467, FN=0, Flags=........C, BI=100, SSID=z5206677"
"3060","42.839321850","0a:c5:e1:a7:65:73","Broadcast","802.11","350","-51dBm","Beacon frame, SN=2468, FN=0, Flags=........C, BI=100, SSID=z5206677"
"3085","42.941783460","0a:c5:e1:a7:65:73","Broadcast","802.11","350","-54dBm","Beacon frame, SN=2471, FN=0, Flags=........C, BI=100, SSID=z5206677"
"3090","43.044061282","0a:c5:e1:a7:65:73","Broadcast","802.11","350","-56dBm","Beacon frame, SN=2472, FN=0, Flags=........C, BI=100, SSID=z5206677"
"3094","43.146439979","0a:c5:e1:a7:65:73","Broadcast","802.11","350","-52dBm","Beacon frame, SN=2473, FN=0, Flags=........C, BI=100, SSID=z5206677"
"3103","43.248967844","0a:c5:e1:a7:65:73","Broadcast","802.11","350","-49dBm","Beacon frame, SN=2474, FN=0, Flags=........C, BI=100, SSID=z5206677"
"3107","43.351226921","0a:c5:e1:a7:65:73","Broadcast","802.11","350","-52dBm","Beacon frame, SN=2475, FN=0, Flags=........C, BI=100, SSID=z5206677"
"3111","43.453638950","0a:c5:e1:a7:65:73","Broadcast","802.11","350","-51dBm","Beacon frame, SN=2476, FN=0, Flags=........C, BI=100, SSID=z5206677"
"3122","43.556175638","0a:c5:e1:a7:65:73","Broadcast","802.11","350","-56dBm","Beacon frame, SN=2477, FN=0, Flags=........C, BI=100, SSID=z5206677"
"3128","43.658408348","0a:c5:e1:a7:65:73","Broadcast","802.11","350","-55dBm","Beacon frame, SN=2478, FN=0, Flags=........C, BI=100, SSID=z5206677"
"3136","43.760867167","0a:c5:e1:a7:65:73","Broadcast","802.11","350","-49dBm","Beacon frame, SN=2479, FN=0, Flags=........C, BI=100, SSID=z5206677"
"3140","43.863297487","0a:c5:e1:a7:65:73","Broadcast","802.11","350","-51dBm","Beacon frame, SN=2480, FN=0, Flags=........C, BI=100, SSID=z5206677"
"3145","43.965637836","0a:c5:e1:a7:65:73","Broadcast","802.11","350","-54dBm","Beacon frame, SN=2481, FN=0, Flags=........C, BI=100, SSID=z5206677"
"3151","44.068190709","0a:c5:e1:a7:65:73","Broadcast","802.11","350","-47dBm","Beacon frame, SN=2482, FN=0, Flags=........C, BI=100, SSID=z5206677"
"3160","44.170460639","0a:c5:e1:a7:65:73","Broadcast","802.11","350","-48dBm","Beacon frame, SN=2483, FN=0, Flags=........C, BI=100, SSID=z5206677"
"3164","44.272977712","0a:c5:e1:a7:65:73","Broadcast","802.11","350","-41dBm","Beacon frame, SN=2484, FN=0, Flags=........C, BI=100, SSID=z5206677"
"3168","44.375231912","0a:c5:e1:a7:65:73","Broadcast","802.11","350","-48dBm","Beacon frame, SN=2485, FN=0, Flags=........C, BI=100, SSID=z5206677"
"3173","44.477731100","0a:c5:e1:a7:65:73","Broadcast","802.11","350","-51dBm","Beacon frame, SN=2486, FN=0, Flags=........C, BI=100, SSID=z5206677"
"3177","44.580000500","0a:c5:e1:a7:65:73","Broadcast","802.11","350","-48dBm","Beacon frame, SN=2487, FN=0, Flags=........C, BI=100, SSID=z5206677"
"3181","44.682370768","0a:c5:e1:a7:65:73","Broadcast","802.11","350","-49dBm","Beacon frame, SN=2488, FN=0, Flags=........C, BI=100, SSID=z5206677"
"3185","44.784967369","0a:c5:e1:a7:65:73","Broadcast","802.11","350","-44dBm","Beacon frame, SN=2489, FN=0, Flags=........C, BI=100, SSID=z5206677"
"3195","44.887393069","0a:c5:e1:a7:65:73","Broadcast","802.11","350","-43dBm","Beacon frame, SN=2490, FN=0, Flags=........C, BI=100, SSID=z5206677"
"3199","44.989633848","0a:c5:e1:a7:65:73","Broadcast","802.11","350","-49dBm","Beacon frame, SN=2491, FN=0, Flags=........C, BI=100, SSID=z5206677"
"3203","45.092163624","0a:c5:e1:a7:65:73","Broadcast","802.11","350","-47dBm","Beacon frame, SN=2492, FN=0, Flags=........C, BI=100, SSID=z5206677"
"3211","45.194486663","0a:c5:e1:a7:65:73","Broadcast","802.11","350","-45dBm","Beacon frame, SN=2493, FN=0, Flags=........C, BI=100, SSID=z5206677"
"3215","45.296846266","0a:c5:e1:a7:65:73","Broadcast","802.11","350","-48dBm","Beacon frame, SN=2494, FN=0, Flags=........C, BI=100, SSID=z5206677"
"3219","45.399226378","0a:c5:e1:a7:65:73","Broadcast","802.11","350","-57dBm","Beacon frame, SN=2495, FN=0, Flags=........C, BI=100, SSID=z5206677"
"3223","45.501647504","0a:c5:e1:a7:65:73","Broadcast","802.11","350","-51dBm","Beacon frame, SN=2496, FN=0, Flags=........C, BI=100, SSID=z5206677"
"3227","45.604175394","0a:c5:e1:a7:65:73","Broadcast","802.11","350","-49dBm","Beacon frame, SN=2497, FN=0, Flags=........C, BI=100, SSID=z5206677"
"3231","45.706501023","0a:c5:e1:a7:65:73","Broadcast","802.11","350","-50dBm","Beacon frame, SN=2498, FN=0, Flags=........C, BI=100, SSID=z5206677"
"3235","45.808960694","0a:c5:e1:a7:65:73","Broadcast","802.11","350","-57dBm","Beacon frame, SN=2499, FN=0, Flags=........C, BI=100, SSID=z5206677"
"3239","45.911146218","0a:c5:e1:a7:65:73","Broadcast","802.11","350","-48dBm","Beacon frame, SN=2500, FN=0, Flags=........C, BI=100, SSID=z5206677"
"3243","46.013767709","0a:c5:e1:a7:65:73","Broadcast","802.11","350","-40dBm","Beacon frame, SN=2501, FN=0, Flags=........C, BI=100, SSID=z5206677"
"3247","46.116169273","0a:c5:e1:a7:65:73","Broadcast","802.11","350","-44dBm","Beacon frame, SN=2502, FN=0, Flags=........C, BI=100, SSID=z5206677"
"3257","46.218437647","0a:c5:e1:a7:65:73","Broadcast","802.11","350","-45dBm","Beacon frame, SN=2503, FN=0, Flags=........C, BI=100, SSID=z5206677"
"3282","46.320960913","0a:c5:e1:a7:65:73","Broadcast","802.11","350","-60dBm","Beacon frame, SN=2506, FN=0, Flags=........C, BI=100, SSID=z5206677"
"3288","46.423195755","0a:c5:e1:a7:65:73","Broadcast","802.11","350","-49dBm","Beacon frame, SN=2507, FN=0, Flags=........C, BI=100, SSID=z5206677"
"3292","46.525632155","0a:c5:e1:a7:65:73","Broadcast","802.11","350","-57dBm","Beacon frame, SN=2508, FN=0, Flags=........C, BI=100, SSID=z5206677"
"3296","46.628056185","0a:c5:e1:a7:65:73","Broadcast","802.11","350","-56dBm","Beacon frame, SN=2509, FN=0, Flags=........C, BI=100, SSID=z5206677"
"3300","46.730395869","0a:c5:e1:a7:65:73","Broadcast","802.11","350","-45dBm","Beacon frame, SN=2510, FN=0, Flags=........C, BI=100, SSID=z5206677"
"3304","46.832983094","0a:c5:e1:a7:65:73","Broadcast","802.11","350","-41dBm","Beacon frame, SN=2511, FN=0, Flags=........C, BI=100, SSID=z5206677"
"3308","46.935347405","0a:c5:e1:a7:65:73","Broadcast","802.11","350","-40dBm","Beacon frame, SN=2512, FN=0, Flags=........C, BI=100, SSID=z5206677"
"3312","47.037785653","0a:c5:e1:a7:65:73","Broadcast","802.11","350","-41dBm","Beacon frame, SN=2513, FN=0, Flags=........C, BI=100, SSID=z5206677"
"3316","47.140149168","0a:c5:e1:a7:65:73","Broadcast","802.11","350","-48dBm","Beacon frame, SN=2514, FN=0, Flags=........C, BI=100, SSID=z5206677"
"3328","47.242387107","0a:c5:e1:a7:65:73","Broadcast","802.11","350","-41dBm","Beacon frame, SN=2515, FN=0, Flags=........C, BI=100, SSID=z5206677"
"3332","47.344817857","0a:c5:e1:a7:65:73","Broadcast","802.11","350","-42dBm","Beacon frame, SN=2516, FN=0, Flags=........C, BI=100, SSID=z5206677"
"3338","47.447370558","0a:c5:e1:a7:65:73","Broadcast","802.11","350","-38dBm","Beacon frame, SN=2517, FN=0, Flags=........C, BI=100, SSID=z5206677"
"3342","47.549791453","0a:c5:e1:a7:65:73","Broadcast","802.11","350","-43dBm","Beacon frame, SN=2518, FN=0, Flags=........C, BI=100, SSID=z5206677"
"3346","47.652172865","0a:c5:e1:a7:65:73","Broadcast","802.11","350","-40dBm","Beacon frame, SN=2519, FN=0, Flags=........C, BI=100, SSID=z5206677"
"3350","47.754374464","0a:c5:e1:a7:65:73","Broadcast","802.11","350","-39dBm","Beacon frame, SN=2520, FN=0, Flags=........C, BI=100, SSID=z5206677"
"3354","47.856968238","0a:c5:e1:a7:65:73","Broadcast","802.11","350","-37dBm","Beacon frame, SN=2521, FN=0, Flags=........C, BI=100, SSID=z5206677"
"3358","47.959201696","0a:c5:e1:a7:65:73","Broadcast","802.11","350","-40dBm","Beacon frame, SN=2522, FN=0, Flags=........C, BI=100, SSID=z5206677"
"3362","48.061742900","0a:c5:e1:a7:65:73","Broadcast","802.11","350","-50dBm","Beacon frame, SN=2523, FN=0, Flags=........C, BI=100, SSID=z5206677"
"3370","48.164154450","0a:c5:e1:a7:65:73","Broadcast","802.11","350","-45dBm","Beacon frame, SN=2524, FN=0, Flags=........C, BI=100, SSID=z5206677"
"3374","48.266368909","0a:c5:e1:a7:65:73","Broadcast","802.11","350","-39dBm","Beacon frame, SN=2525, FN=0, Flags=........C, BI=100, SSID=z5206677"
"3385","48.368901339","0a:c5:e1:a7:65:73","Broadcast","802.11","350","-41dBm","Beacon frame, SN=2527, FN=0, Flags=........C, BI=100, SSID=z5206677"
"3389","48.471362920","0a:c5:e1:a7:65:73","Broadcast","802.11","350","-42dBm","Beacon frame, SN=2528, FN=0, Flags=........C, BI=100, SSID=z5206677"
"3394","48.573550204","0a:c5:e1:a7:65:73","Broadcast","802.11","350","-38dBm","Beacon frame, SN=2529, FN=0, Flags=........C, BI=100, SSID=z5206677"
"3398","48.676057424","0a:c5:e1:a7:65:73","Broadcast","802.11","350","-45dBm","Beacon frame, SN=2530, FN=0, Flags=........C, BI=100, SSID=z5206677"
"3402","48.778362951","0a:c5:e1:a7:65:73","Broadcast","802.11","350","-49dBm","Beacon frame, SN=2531, FN=0, Flags=........C, BI=100, SSID=z5206677"
"3406","48.880812197","0a:c5:e1:a7:65:73","Broadcast","802.11","350","-54dBm","Beacon frame, SN=2532, FN=0, Flags=........C, BI=100, SSID=z5206677"
"3410","48.983321978","0a:c5:e1:a7:65:73","Broadcast","802.11","350","-42dBm","Beacon frame, SN=2533, FN=0, Flags=........C, BI=100, SSID=z5206677"
"3414","49.085762164","0a:c5:e1:a7:65:73","Broadcast","802.11","350","-42dBm","Beacon frame, SN=2534, FN=0, Flags=........C, BI=100, SSID=z5206677"
"3424","49.188136712","0a:c5:e1:a7:65:73","Broadcast","802.11","350","-40dBm","Beacon frame, SN=2535, FN=0, Flags=........C, BI=100, SSID=z5206677"
"3428","49.290380875","0a:c5:e1:a7:65:73","Broadcast","802.11","350","-43dBm","Beacon frame, SN=2536, FN=0, Flags=........C, BI=100, SSID=z5206677"
"3432","49.392755514","0a:c5:e1:a7:65:73","Broadcast","802.11","350","-49dBm","Beacon frame, SN=2537, FN=0, Flags=........C, BI=100, SSID=z5206677"
"3440","49.495223125","0a:c5:e1:a7:65:73","Broadcast","802.11","350","-46dBm","Beacon frame, SN=2538, FN=0, Flags=........C, BI=100, SSID=z5206677"
"3444","49.597614997","0a:c5:e1:a7:65:73","Broadcast","802.11","350","-40dBm","Beacon frame, SN=2539, FN=0, Flags=........C, BI=100, SSID=z5206677"
"3474","49.700145999","0a:c5:e1:a7:65:73","Broadcast","802.11","350","-40dBm","Beacon frame, SN=2542, FN=0, Flags=........C, BI=100, SSID=z5206677"
"3478","49.802355880","0a:c5:e1:a7:65:73","Broadcast","802.11","350","-38dBm","Beacon frame, SN=2543, FN=0, Flags=........C, BI=100, SSID=z5206677"
"3482","49.904915175","0a:c5:e1:a7:65:73","Broadcast","802.11","350","-42dBm","Beacon frame, SN=2544, FN=0, Flags=........C, BI=100, SSID=z5206677"
"3486","50.007300608","0a:c5:e1:a7:65:73","Broadcast","802.11","350","-35dBm","Beacon frame, SN=2545, FN=0, Flags=........C, BI=100, SSID=z5206677"
"3490","50.109570123","0a:c5:e1:a7:65:73","Broadcast","802.11","350","-32dBm","Beacon frame, SN=2546, FN=0, Flags=........C, BI=100, SSID=z5206677"
"3500","50.212127520","0a:c5:e1:a7:65:73","Broadcast","802.11","350","-30dBm","Beacon frame, SN=2547, FN=0, Flags=........C, BI=100, SSID=z5206677"
"3504","50.314332271","0a:c5:e1:a7:65:73","Broadcast","802.11","350","-34dBm","Beacon frame, SN=2548, FN=0, Flags=........C, BI=100, SSID=z5206677"
"3509","50.416756815","0a:c5:e1:a7:65:73","Broadcast","802.11","350","-32dBm","Beacon frame, SN=2549, FN=0, Flags=........C, BI=100, SSID=z5206677"
"3515","50.519166458","0a:c5:e1:a7:65:73","Broadcast","802.11","350","-29dBm","Beacon frame, SN=2550, FN=0, Flags=........C, BI=100, SSID=z5206677"
"3519","50.621574991","0a:c5:e1:a7:65:73","Broadcast","802.11","350","-31dBm","Beacon frame, SN=2551, FN=0, Flags=........C, BI=100, SSID=z5206677"
"3523","50.723979850","0a:c5:e1:a7:65:73","Broadcast","802.11","350","-30dBm","Beacon frame, SN=2552, FN=0, Flags=........C, BI=100, SSID=z5206677"
